Name,Category,Unit,Price,Image_URL
Basmati Rice,Grains & Rice,kg,120,https://placehold.co/300x300/8B5E3C/FFFFFF?text=Basmati%0ARice&font=roboto
Sona Masoori Rice,Grains & Rice,kg,65,https://placehold.co/300x300/8B5E3C/FFFFFF?text=Sona%0AMasoori%0ARice&font=roboto
Idli Rice,Grains & Rice,kg,55,https://placehold.co/300x300/8B5E3C/FFFFFF?text=Idli%0ARice&font=roboto
Broken Wheat (Dalia),Grains & Rice,kg,45,https://placehold.co/300x300/8B5E3C/FFFFFF?text=Broken%0AWheat%0A%28Dalia%29&font=roboto
Wheat Flour (Atta),Grains & Rice,kg,48,https://placehold.co/300x300/8B5E3C/FFFFFF?text=Wheat%0AFlour%0A%28Atta%29&font=roboto
Maida (All Purpose Flour),Grains & Rice,kg,42,https://placehold.co/300x300/8B5E3C/FFFFFF?text=Maida%0A%28All%0APurpose%0AFlour%29&font=roboto
Rava (Semolina),Grains & Rice,kg,50,https://placehold.co/300x300/8B5E3C/FFFFFF?text=Rava%0A%28Semolina%29&font=roboto
Poha (Flattened Rice),Grains & Rice,kg,60,https://placehold.co/300x300/8B5E3C/FFFFFF?text=Poha%0A%28Flattened%0ARice%29&font=roboto
Vermicelli,Grains & Rice,kg,70,https://placehold.co/300x300/8B5E3C/FFFFFF?text=Vermicelli&font=roboto
Ragi Flour,Grains & Rice,kg,80,https://placehold.co/300x300/8B5E3C/FFFFFF?text=Ragi%0AFlour&font=roboto
Toor Dal,Pulses & Dals,kg,140,https://placehold.co/300x300/C9A227/FFFFFF?text=Toor%0ADal&font=roboto
Moong Dal,Pulses & Dals,kg,130,https://placehold.co/300x300/C9A227/FFFFFF?text=Moong%0ADal&font=roboto
Chana Dal,Pulses & Dals,kg,95,https://placehold.co/300x300/C9A227/FFFFFF?text=Chana%0ADal&font=roboto
Urad Dal,Pulses & Dals,kg,135,https://placehold.co/300x300/C9A227/FFFFFF?text=Urad%0ADal&font=roboto
Masoor Dal,Pulses & Dals,kg,100,https://placehold.co/300x300/C9A227/FFFFFF?text=Masoor%0ADal&font=roboto
Rajma (Kidney Beans),Pulses & Dals,kg,150,https://placehold.co/300x300/C9A227/FFFFFF?text=Rajma%0A%28Kidney%0ABeans%29&font=roboto
Chickpeas (Kabuli Chana),Pulses & Dals,kg,90,https://placehold.co/300x300/C9A227/FFFFFF?text=Chickpeas%0A%28Kabuli%0AChana%29&font=roboto
Green Peas (Dried),Pulses & Dals,kg,85,https://placehold.co/300x300/C9A227/FFFFFF?text=Green%0APeas%0A%28Dried%29&font=roboto
Black Eyed Peas,Pulses & Dals,kg,95,https://placehold.co/300x300/C9A227/FFFFFF?text=Black%0AEyed%0APeas&font=roboto
Horse Gram,Pulses & Dals,kg,80,https://placehold.co/300x300/C9A227/FFFFFF?text=Horse%0AGram&font=roboto
Sunflower Oil,Cooking Oil,litre,140,https://placehold.co/300x300/E8B923/FFFFFF?text=Sunflower%0AOil&font=roboto
Groundnut Oil,Cooking Oil,litre,190,https://placehold.co/300x300/E8B923/FFFFFF?text=Groundnut%0AOil&font=roboto
Coconut Oil,Cooking Oil,litre,210,https://placehold.co/300x300/E8B923/FFFFFF?text=Coconut%0AOil&font=roboto
Mustard Oil,Cooking Oil,litre,160,https://placehold.co/300x300/E8B923/FFFFFF?text=Mustard%0AOil&font=roboto
Sesame Oil (Gingelly),Cooking Oil,litre,250,https://placehold.co/300x300/E8B923/FFFFFF?text=Sesame%0AOil%0A%28Gingelly%29&font=roboto
Olive Oil,Cooking Oil,litre,550,https://placehold.co/300x300/E8B923/FFFFFF?text=Olive%0AOil&font=roboto
Vanaspati (Dalda),Cooking Oil,kg,130,https://placehold.co/300x300/E8B923/FFFFFF?text=Vanaspati%0A%28Dalda%29&font=roboto
Ghee (Cow),Cooking Oil,kg,620,https://placehold.co/300x300/E8B923/FFFFFF?text=Ghee%0A%28Cow%29&font=roboto
Turmeric Powder,Spices & Masala,kg,180,https://placehold.co/300x300/D2691E/FFFFFF?text=Turmeric%0APowder&font=roboto
Red Chilli Powder,Spices & Masala,kg,220,https://placehold.co/300x300/D2691E/FFFFFF?text=Red%0AChilli%0APowder&font=roboto
Coriander Powder,Spices & Masala,kg,160,https://placehold.co/300x300/D2691E/FFFFFF?text=Coriander%0APowder&font=roboto
Cumin Seeds (Jeera),Spices & Masala,kg,380,https://placehold.co/300x300/D2691E/FFFFFF?text=Cumin%0ASeeds%0A%28Jeera%29&font=roboto
Mustard Seeds,Spices & Masala,kg,140,https://placehold.co/300x300/D2691E/FFFFFF?text=Mustard%0ASeeds&font=roboto
Garam Masala,Spices & Masala,kg,450,https://placehold.co/300x300/D2691E/FFFFFF?text=Garam%0AMasala&font=roboto
Sambar Powder,Spices & Masala,kg,320,https://placehold.co/300x300/D2691E/FFFFFF?text=Sambar%0APowder&font=roboto
Rasam Powder,Spices & Masala,kg,300,https://placehold.co/300x300/D2691E/FFFFFF?text=Rasam%0APowder&font=roboto
Black Pepper Whole,Spices & Masala,kg,650,https://placehold.co/300x300/D2691E/FFFFFF?text=Black%0APepper%0AWhole&font=roboto
Cardamom (Elaichi),Spices & Masala,kg,2200,https://placehold.co/300x300/D2691E/FFFFFF?text=Cardamom%0A%28Elaichi%29&font=roboto
Cloves (Laung),Spices & Masala,kg,900,https://placehold.co/300x300/D2691E/FFFFFF?text=Cloves%0A%28Laung%29&font=roboto
Cinnamon Stick,Spices & Masala,kg,500,https://placehold.co/300x300/D2691E/FFFFFF?text=Cinnamon%0AStick&font=roboto
Salt (Iodised),Spices & Masala,kg,22,https://placehold.co/300x300/D2691E/FFFFFF?text=Salt%0A%28Iodised%29&font=roboto
Onion,Vegetables,kg,35,https://placehold.co/300x300/3CB043/FFFFFF?text=Onion&font=roboto
Potato,Vegetables,kg,30,https://placehold.co/300x300/3CB043/FFFFFF?text=Potato&font=roboto
Tomato,Vegetables,kg,40,https://placehold.co/300x300/3CB043/FFFFFF?text=Tomato&font=roboto
Carrot,Vegetables,kg,45,https://placehold.co/300x300/3CB043/FFFFFF?text=Carrot&font=roboto
Beans,Vegetables,kg,50,https://placehold.co/300x300/3CB043/FFFFFF?text=Beans&font=roboto
Cabbage,Vegetables,kg,25,https://placehold.co/300x300/3CB043/FFFFFF?text=Cabbage&font=roboto
Cauliflower,Vegetables,kg,35,https://placehold.co/300x300/3CB043/FFFFFF?text=Cauliflower&font=roboto
Brinjal,Vegetables,kg,40,https://placehold.co/300x300/3CB043/FFFFFF?text=Brinjal&font=roboto
Ladies Finger (Okra),Vegetables,kg,45,https://placehold.co/300x300/3CB043/FFFFFF?text=Ladies%0AFinger%0A%28Okra%29&font=roboto
Green Chilli,Vegetables,kg,60,https://placehold.co/300x300/3CB043/FFFFFF?text=Green%0AChilli&font=roboto
Ginger,Vegetables,kg,90,https://placehold.co/300x300/3CB043/FFFFFF?text=Ginger&font=roboto
Garlic,Vegetables,kg,150,https://placehold.co/300x300/3CB043/FFFFFF?text=Garlic&font=roboto
Cucumber,Vegetables,kg,30,https://placehold.co/300x300/3CB043/FFFFFF?text=Cucumber&font=roboto
Bottle Gourd,Vegetables,kg,25,https://placehold.co/300x300/3CB043/FFFFFF?text=Bottle%0AGourd&font=roboto
Pumpkin,Vegetables,kg,28,https://placehold.co/300x300/3CB043/FFFFFF?text=Pumpkin&font=roboto
Beetroot,Vegetables,kg,40,https://placehold.co/300x300/3CB043/FFFFFF?text=Beetroot&font=roboto
Spinach (Palak),Vegetables,bunch,15,https://placehold.co/300x300/3CB043/FFFFFF?text=Spinach%0A%28Palak%29&font=roboto
Coriander Leaves,Vegetables,bunch,10,https://placehold.co/300x300/3CB043/FFFFFF?text=Coriander%0ALeaves&font=roboto
Mint Leaves,Vegetables,bunch,10,https://placehold.co/300x300/3CB043/FFFFFF?text=Mint%0ALeaves&font=roboto
Banana,Fruits,kg,50,https://placehold.co/300x300/E4572E/FFFFFF?text=Banana&font=roboto
Apple,Fruits,kg,180,https://placehold.co/300x300/E4572E/FFFFFF?text=Apple&font=roboto
Orange,Fruits,kg,90,https://placehold.co/300x300/E4572E/FFFFFF?text=Orange&font=roboto
Mango,Fruits,kg,120,https://placehold.co/300x300/E4572E/FFFFFF?text=Mango&font=roboto
Papaya,Fruits,kg,40,https://placehold.co/300x300/E4572E/FFFFFF?text=Papaya&font=roboto
Watermelon,Fruits,kg,25,https://placehold.co/300x300/E4572E/FFFFFF?text=Watermelon&font=roboto
Grapes,Fruits,kg,100,https://placehold.co/300x300/E4572E/FFFFFF?text=Grapes&font=roboto
Pomegranate,Fruits,kg,160,https://placehold.co/300x300/E4572E/FFFFFF?text=Pomegranate&font=roboto
Guava,Fruits,kg,60,https://placehold.co/300x300/E4572E/FFFFFF?text=Guava&font=roboto
Pineapple,Fruits,piece,50,https://placehold.co/300x300/E4572E/FFFFFF?text=Pineapple&font=roboto
Milk (Full Cream),Dairy,litre,66,https://placehold.co/300x300/6C757D/FFFFFF?text=Milk%0A%28Full%0ACream%29&font=roboto
Curd (Yogurt),Dairy,kg,60,https://placehold.co/300x300/6C757D/FFFFFF?text=Curd%0A%28Yogurt%29&font=roboto
Paneer,Dairy,kg,320,https://placehold.co/300x300/6C757D/FFFFFF?text=Paneer&font=roboto
Butter,Dairy,kg,480,https://placehold.co/300x300/6C757D/FFFFFF?text=Butter&font=roboto
Cheese Slices,Dairy,pack,120,https://placehold.co/300x300/6C757D/FFFFFF?text=Cheese%0ASlices&font=roboto
Buttermilk,Dairy,litre,25,https://placehold.co/300x300/6C757D/FFFFFF?text=Buttermilk&font=roboto
Cream,Dairy,pack,90,https://placehold.co/300x300/6C757D/FFFFFF?text=Cream&font=roboto
Potato Chips,Snacks,pack,20,https://placehold.co/300x300/F4A300/FFFFFF?text=Potato%0AChips&font=roboto
Banana Chips,Snacks,pack,40,https://placehold.co/300x300/F4A300/FFFFFF?text=Banana%0AChips&font=roboto
Mixture,Snacks,kg,220,https://placehold.co/300x300/F4A300/FFFFFF?text=Mixture&font=roboto
Murukku,Snacks,kg,260,https://placehold.co/300x300/F4A300/FFFFFF?text=Murukku&font=roboto
Biscuits (Glucose),Snacks,pack,20,https://placehold.co/300x300/F4A300/FFFFFF?text=Biscuits%0A%28Glucose%29&font=roboto
Cream Biscuits,Snacks,pack,25,https://placehold.co/300x300/F4A300/FFFFFF?text=Cream%0ABiscuits&font=roboto
Namkeen,Snacks,pack,45,https://placehold.co/300x300/F4A300/FFFFFF?text=Namkeen&font=roboto
Popcorn,Snacks,pack,30,https://placehold.co/300x300/F4A300/FFFFFF?text=Popcorn&font=roboto
Tea Powder,Beverages,kg,420,https://placehold.co/300x300/2E86AB/FFFFFF?text=Tea%0APowder&font=roboto
Coffee Powder,Beverages,kg,550,https://placehold.co/300x300/2E86AB/FFFFFF?text=Coffee%0APowder&font=roboto
Sugar,Beverages,kg,45,https://placehold.co/300x300/2E86AB/FFFFFF?text=Sugar&font=roboto
Jaggery,Beverages,kg,65,https://placehold.co/300x300/2E86AB/FFFFFF?text=Jaggery&font=roboto
Soft Drink (Cola),Beverages,bottle,40,https://placehold.co/300x300/2E86AB/FFFFFF?text=Soft%0ADrink%0A%28Cola%29&font=roboto
Fruit Juice,Beverages,litre,110,https://placehold.co/300x300/2E86AB/FFFFFF?text=Fruit%0AJuice&font=roboto
Mineral Water,Beverages,bottle,20,https://placehold.co/300x300/2E86AB/FFFFFF?text=Mineral%0AWater&font=roboto
Bread (White),Bakery,pack,40,https://placehold.co/300x300/C68E17/FFFFFF?text=Bread%0A%28White%29&font=roboto
Bread (Brown),Bakery,pack,50,https://placehold.co/300x300/C68E17/FFFFFF?text=Bread%0A%28Brown%29&font=roboto
Rusk,Bakery,pack,45,https://placehold.co/300x300/C68E17/FFFFFF?text=Rusk&font=roboto
Cake (Plain),Bakery,piece,150,https://placehold.co/300x300/C68E17/FFFFFF?text=Cake%0A%28Plain%29&font=roboto
Detergent Powder,Cleaning Supplies,kg,130,https://placehold.co/300x300/5DADE2/FFFFFF?text=Detergent%0APowder&font=roboto
Dish Wash Liquid,Cleaning Supplies,bottle,95,https://placehold.co/300x300/5DADE2/FFFFFF?text=Dish%0AWash%0ALiquid&font=roboto
Floor Cleaner,Cleaning Supplies,litre,110,https://placehold.co/300x300/5DADE2/FFFFFF?text=Floor%0ACleaner&font=roboto
Toilet Cleaner,Cleaning Supplies,bottle,85,https://placehold.co/300x300/5DADE2/FFFFFF?text=Toilet%0ACleaner&font=roboto
Soap (Bathing),Personal Care,piece,45,https://placehold.co/300x300/AF7AC5/FFFFFF?text=Soap%0A%28Bathing%29&font=roboto
Shampoo,Personal Care,bottle,180,https://placehold.co/300x300/AF7AC5/FFFFFF?text=Shampoo&font=roboto
Toothpaste,Personal Care,pack,90,https://placehold.co/300x300/AF7AC5/FFFFFF?text=Toothpaste&font=roboto
Hand Wash,Personal Care,bottle,110,https://placehold.co/300x300/AF7AC5/FFFFFF?text=Hand%0AWash&font=roboto
